system,strategy,entry_time,entry_price,exit_price,bars_held,pnl_pct,exit_reason,volatility_ok,time_ok
NEW,RALLY_SHORT,11-19 15:02,198.885,199.84,8,-0.4801769867008636,Reversal,True,True
NEW,BREAKDOWN_SHORT,11-19 15:29,195.8,193.3,12,1.2768130745658834,Target,True,True
NEW,BREAKDOWN_SHORT,11-20 14:49,187.06,184.81,45,1.2028226237570832,Target,True,True
NEW,BREAKDOWN_SHORT,11-24 14:49,167.02,169.27,4,-1.347144054604239,Stop,True,True
NEW,CROSSUNDER_SHORT,11-26 14:54,171.6,169.87,5,1.0081585081585023,Target,True,True
NEW,BREAKDOWN_SHORT,12-01 15:21,161.54,159.54,7,1.238083446824316,Target,True,True
NEW,CROSSUNDER_SHORT,12-03 15:00,185.81,187.27,3,-0.7857488832678585,Reversal,True,True
NEW,BREAKDOWN_SHORT,12-10 14:51,184.56,186.33,11,-0.9590377113133995,Reversal,True,True
NEW,BREAKDOWN_SHORT,12-23 14:49,160.46,158.5,23,1.2214882213635847,Target,True,True
NEW,BREAKDOWN_SHORT,12-23 15:01,159.27,158.66,50,0.3829974257550158,Time,True,True
NEW,BREAKDOWN_SHORT,12-23 15:12,158.5,159.37,50,-0.5488958990536306,Time,True,True
NEW,BREAKDOWN_SHORT,12-26 15:14,154.3,155.94,10,-1.0628645495787337,Stop,True,True
NEW,RALLY_SHORT,12-29 15:10,159.47,158.48,9,0.6208064212704641,Target,True,True
NEW,BREAKDOWN_SHORT,12-31 15:16,153.62,154.15,50,-0.3450071605259739,Time,True,True
NEW,BREAKDOWN_SHORT,12-31 15:36,153.19,153.76,50,-0.37208695084535104,Time,True,True
NEW,BREAKDOWN_SHORT,01-07 15:15,161.68,159.0,8,1.657595249876303,Target,True,True
NEW,BREAKDOWN_SHORT,01-09 15:01,156.97,158.82,28,-1.1785691533413993,Stop,True,True
NEW,RALLY_SHORT,01-09 15:20,156.28,157.57,4,-0.8254415152290708,Stop,True,True
NEW,BREAKDOWN_SHORT,01-16 15:41,168.75,170.88,15,-1.2622222222222195,Stop,True,True
NEW,BREAKDOWN_SHORT,01-20 14:53,159.74,161.01,37,-0.7950419431576197,Reversal,True,True
NEW,BREAKDOWN_SHORT,01-29 15:01,149.25,147.415,11,1.2294807370184309,Target,True,True
NEW,BREAKDOWN_SHORT,01-29 15:06,148.31,146.35,8,1.3215561998516674,Target,True,True
NEW,RALLY_SHORT,01-29 15:22,147.36,146.26,4,0.7464712269272683,Target,True,True
NEW,BREAKDOWN_SHORT,01-29 15:39,143.91,142.135,10,1.2334097699951398,Target,True,True
NEW,CROSSUNDER_SHORT,01-30 15:26,141.12,142.2,12,-0.7653061224489683,Reversal,True,True
NEW,BREAKDOWN_SHORT,02-05 15:00,116.46,115.05,5,1.2107161257083947,Target,True,True
NEW,BREAKDOWN_SHORT,02-05 15:13,113.8,112.32,19,1.30052724077329,Target,True,True
