type,entry_bar,entry_time,entry_price,exit_bar,exit_time,exit_price,bars_held,pnl_pct,win
PUT,109,11-17 16:19,191.87,116,11-17 16:26,193.49,7,-0.8443216761348854,False
PUT,812,11-19 15:02,198.885,817,11-19 15:07,199.27,5,-0.193579204062659,False
PUT,839,11-19 15:29,195.8,846,11-19 15:36,194.29,7,0.7711950970378035,True
PUT,855,11-19 15:45,192.64,857,11-19 15:47,193.125,2,-0.25176495016612005,False
PUT,1439,11-20 18:59,172.785,1441,11-20 19:01,172.97,2,-0.10706947941082981,False
PUT,1784,11-21 18:14,170.7,1786,11-21 18:16,170.76,2,-0.035149384885765834,False
PUT,1795,11-21 18:25,170.42,1797,11-21 18:27,170.19,2,0.1349606853655614,True
PUT,1924,11-21 20:34,170.97,1935,11-21 20:45,171.06,11,-0.05264081417792795,False
PUT,1969,11-24 14:49,167.02,1972,11-24 14:52,168.37,3,-0.80828643276254,False
PUT,2566,11-25 18:16,173.0,2569,11-25 18:19,173.12,3,-0.06936416184971361,False
PUT,3381,12-01 15:21,161.54,3388,12-01 15:28,159.54,7,1.238083446824316,True
PUT,6081,12-10 14:51,184.56,6083,12-10 14:53,185.73,2,-0.6339401820546096,False
PUT,6545,12-11 16:05,172.5,6551,12-11 16:11,171.995,6,0.29275362318840314,True
PUT,7568,12-15 20:09,162.57,7581,12-15 20:22,161.15,13,0.8734698898935767,True
PUT,8293,12-17 19:14,162.55,8300,12-17 19:21,162.93,7,-0.23377422331589998,False
PUT,8345,12-17 20:06,162.68,8347,12-17 20:08,162.76,2,-0.04917629702482424,False
PUT,8354,12-17 20:15,162.59,8355,12-17 20:16,162.99,1,-0.24601759025770692,False
PUT,8665,12-18 18:56,161.09,8674,12-18 19:05,160.58,9,0.31659320876528085,True
PUT,8727,12-18 19:58,158.03,8729,12-18 20:00,158.16,2,-0.08226286148199421,False
PUT,9600,12-23 15:01,159.27,9603,12-23 15:04,158.99,3,0.17580209706787286,True
PUT,9611,12-23 15:12,158.5,9629,12-23 15:30,159.51,18,-0.6372239747634012,False
PUT,10213,12-26 15:14,154.3,10223,12-26 15:24,155.94,10,-1.0628645495787337,False
PUT,10599,12-29 15:10,159.47,10602,12-29 15:13,159.28,3,0.1191446667084704,True
PUT,10674,12-29 16:25,157.03,10690,12-29 16:41,157.05,16,-0.012736419792402873,False
PUT,11385,12-31 15:16,153.62,11394,12-31 15:25,153.44,9,0.11717224319750476,True
PUT,11405,12-31 15:36,153.19,11415,12-31 15:46,153.79,10,-0.3916704745740547,False
PUT,11675,12-31 20:06,152.75,11680,12-31 20:11,152.24,5,0.3338788870703705,True
PUT,11685,12-31 20:16,153.1,11688,12-31 20:19,153.04,3,0.03919007184846654,True
PUT,12590,01-06 15:51,160.92,12593,01-06 15:54,160.72,3,0.124285359184681,True
PUT,12766,01-06 18:47,155.08,12770,01-06 18:51,155.1,4,-0.012896569512497942,False
PUT,13117,01-07 18:08,162.02,13118,01-07 18:09,162.37,1,-0.21602271324527483,False
PUT,13731,01-09 15:22,157.01,13737,01-09 15:28,158.38,6,-0.8725558881599929,False
PUT,13997,01-09 19:48,157.45,13999,01-09 19:50,157.64,2,-0.12067322959669594,False
PUT,14003,01-09 19:54,157.75,14010,01-09 20:01,157.67,7,0.05071315372425515,True
PUT,15061,01-14 18:02,179.17,15064,01-14 18:05,179.36,3,-0.10604453870627123,False
PUT,15081,01-14 18:22,179.1,15088,01-14 18:29,179.17,7,-0.03908431044109055,False
PUT,15325,01-15 15:56,171.58,15326,01-15 15:57,172.19,1,-0.35551929129268284,False
PUT,15597,01-15 20:28,172.3,15601,01-15 20:32,172.44,4,-0.08125362739407216,False
PUT,16241,01-20 18:12,160.04,16242,01-20 18:13,160.3,1,-0.16245938515372366,False
PUT,17078,01-22 19:09,161.65,17080,01-22 19:11,161.59,2,0.03711722858026741,True
PUT,17665,01-26 15:56,160.5,17669,01-26 16:00,160.35,4,0.09345794392523718,True
PUT,17906,01-26 19:57,160.55,17914,01-26 20:05,160.72,8,-0.10588601681718311,False
PUT,18780,01-29 15:01,149.25,18791,01-29 15:12,147.415,11,1.2294807370184309,True
PUT,18818,01-29 15:39,143.91,18828,01-29 15:49,142.135,10,1.2334097699951398,True
PUT,19079,01-29 20:00,140.15,19088,01-29 20:09,140.86,9,-0.5066000713521284,False
PUT,19195,01-30 15:26,141.12,19198,01-30 15:29,140.96,3,0.11337868480725381,True
PUT,19371,01-30 18:22,143.0,19373,01-30 18:24,142.98,2,0.013986013986021142,True
PUT,19881,02-02 20:22,141.32,19890,02-02 20:31,141.49,9,-0.12029436739316157,False
PUT,20154,02-03 18:25,128.68,20160,02-03 18:31,129.07,6,-0.3030774013055536,False
PUT,20729,02-05 15:00,116.46,20734,02-05 15:05,115.05,5,1.2107161257083947,True
PUT,20742,02-05 15:13,113.8,20744,02-05 15:15,114.0,2,-0.175746924428825,False
CALL,454,11-18 15:34,205.42,460,11-18 15:40,206.09,6,0.32616103592640244,True
CALL,500,11-18 16:20,212.02,504,11-18 16:24,212.24,4,0.10376379586831377,True
CALL,1992,11-24 15:12,171.47,1996,11-24 15:16,171.22,4,-0.14579809879279174,False
CALL,3169,11-28 15:19,185.76,3176,11-28 15:26,186.56,7,0.4306632213609019,True
CALL,3691,12-01 20:31,169.47,3693,12-01 20:33,168.94,2,-0.3127397179441796,False
CALL,3749,12-02 14:59,182.1,3754,12-02 15:04,182.045,5,-0.03020318506315586,False
CALL,3954,12-02 18:24,184.39,3962,12-02 18:32,183.87,8,-0.282010955040936,False
CALL,4434,12-03 19:54,186.54,4443,12-03 20:03,186.13,9,-0.21979200171544797,False
CALL,5750,12-09 15:50,187.59,5756,12-09 15:56,187.45,6,-0.07463084386162097,False
CALL,6000,12-09 20:00,193.96,6004,12-09 20:04,193.43,4,-0.2732522169519494,False
CALL,6676,12-11 18:16,177.41,6683,12-11 18:23,177.12,7,-0.16346316442139228,False
CALL,6750,12-11 19:30,180.23,6758,12-11 19:38,180.81,8,0.32181101925318345,True
CALL,6799,12-11 20:19,181.14,6804,12-11 20:24,181.39,5,0.13801479518604395,True
CALL,8881,12-19 16:02,164.7,8888,12-19 16:09,165.45,7,0.45537340619307837,True
CALL,9116,12-19 19:57,165.1,9122,12-19 20:03,164.66,6,-0.2665051483949108,False
CALL,11785,01-02 15:26,154.1,11791,01-02 15:32,155.6,6,0.9733939000648929,True
CALL,12931,01-07 15:02,168.23,12934,01-07 15:05,166.88,3,-0.8024728050882687,False
CALL,13540,01-08 18:41,169.22,13543,01-08 18:44,169.37,3,0.08864200449119825,True
CALL,14429,01-12 20:30,162.42,14437,01-12 20:38,162.24,8,-0.11082379017361066,False
CALL,14533,01-13 15:44,166.85,14538,01-13 15:49,165.78,5,-0.6412945759664329,False
CALL,14764,01-13 19:35,171.05,14779,01-13 19:50,171.59,15,0.315697164571758,True
CALL,14793,01-13 20:04,172.2,14798,01-13 20:09,172.91,5,0.4123112659698072,True
CALL,15989,01-16 20:30,171.6,15998,01-16 20:39,172.22,9,0.36130536130536395,True
CALL,16350,01-20 20:01,161.68,16358,01-20 20:09,161.35,8,-0.20410687778328335,False
CALL,16382,01-20 20:33,161.74,16384,01-20 20:35,161.1,2,-0.3956967973290557,False
CALL,16467,01-21 15:28,162.84,16476,01-21 15:37,162.645,9,-0.11974944731023898,False
CALL,17115,01-22 19:46,163.51,17125,01-22 19:56,162.71,10,-0.4892667115161048,False
CALL,17277,01-23 15:58,163.2,17286,01-23 16:07,163.19,9,-0.006127450980386584,False
CALL,17635,01-26 15:26,162.52,17641,01-26 15:32,162.18,6,-0.2092050209205042,False
CALL,19227,01-30 15:58,142.23,19231,01-30 16:02,143.33,4,0.7733952049497453,True
CALL,19355,01-30 18:06,145.01,19358,01-30 18:09,145.08,3,0.04827253292877843,True
CALL,19619,02-02 16:00,145.71,19622,02-02 16:03,145.575,3,-0.09264978381718435,False
CALL,20648,02-04 20:09,127.99,20650,02-04 20:11,127.72,2,-0.2109539807797453,False
CALL,21449,02-06 20:30,133.27,21452,02-06 20:33,134.53,3,0.9454490883169436,True
CALL,21526,02-09 15:17,131.78,21528,02-09 15:19,130.69,2,-0.8271361359842186,False
CALL,21824,02-09 20:15,136.37,21829,02-09 20:20,135.79,5,-0.4253134853706919,False
