entry_bar,entry_time,entry_price,exit_bar,exit_time,exit_price,bars_held,pnl_pct,type
109,11-17 16:19,1,116,11-17 16:26,1,7,0.0,PUT
812,11-19 15:02,1,817,11-19 15:07,1,5,0.0,PUT
839,11-19 15:29,1,846,11-19 15:36,1,7,0.0,PUT
855,11-19 15:45,1,857,11-19 15:47,1,2,0.0,PUT
1439,11-20 18:59,1,1441,11-20 19:01,1,2,0.0,PUT
1784,11-21 18:14,1,1786,11-21 18:16,1,2,0.0,PUT
1795,11-21 18:25,1,1797,11-21 18:27,1,2,0.0,PUT
1924,11-21 20:34,1,1935,11-21 20:45,1,11,0.0,PUT
1969,11-24 14:49,1,1972,11-24 14:52,1,3,0.0,PUT
2566,11-25 18:16,1,2569,11-25 18:19,1,3,0.0,PUT
3381,12-01 15:21,1,3388,12-01 15:28,1,7,0.0,PUT
6081,12-10 14:51,1,6083,12-10 14:53,1,2,0.0,PUT
6545,12-11 16:05,1,6551,12-11 16:11,1,6,0.0,PUT
7568,12-15 20:09,1,7581,12-15 20:22,1,13,0.0,PUT
8293,12-17 19:14,1,8300,12-17 19:21,1,7,0.0,PUT
8345,12-17 20:06,1,8347,12-17 20:08,1,2,0.0,PUT
8354,12-17 20:15,1,8355,12-17 20:16,1,1,0.0,PUT
8665,12-18 18:56,1,8674,12-18 19:05,1,9,0.0,PUT
8727,12-18 19:58,1,8729,12-18 20:00,1,2,0.0,PUT
9600,12-23 15:01,1,9603,12-23 15:04,1,3,0.0,PUT
9611,12-23 15:12,1,9629,12-23 15:30,1,18,0.0,PUT
10213,12-26 15:14,1,10223,12-26 15:24,1,10,0.0,PUT
10599,12-29 15:10,1,10602,12-29 15:13,1,3,0.0,PUT
10674,12-29 16:25,1,10690,12-29 16:41,1,16,0.0,PUT
11385,12-31 15:16,1,11394,12-31 15:25,1,9,0.0,PUT
11405,12-31 15:36,1,11415,12-31 15:46,1,10,0.0,PUT
11675,12-31 20:06,1,11680,12-31 20:11,1,5,0.0,PUT
11685,12-31 20:16,1,11688,12-31 20:19,1,3,0.0,PUT
12590,01-06 15:51,1,12593,01-06 15:54,1,3,0.0,PUT
12766,01-06 18:47,1,12770,01-06 18:51,1,4,0.0,PUT
13117,01-07 18:08,1,13118,01-07 18:09,1,1,0.0,PUT
13731,01-09 15:22,1,13737,01-09 15:28,1,6,0.0,PUT
13997,01-09 19:48,1,13999,01-09 19:50,1,2,0.0,PUT
14003,01-09 19:54,1,14010,01-09 20:01,1,7,0.0,PUT
15061,01-14 18:02,1,15064,01-14 18:05,1,3,0.0,PUT
15081,01-14 18:22,1,15088,01-14 18:29,1,7,0.0,PUT
15325,01-15 15:56,1,15326,01-15 15:57,1,1,0.0,PUT
15597,01-15 20:28,1,15601,01-15 20:32,1,4,0.0,PUT
16241,01-20 18:12,1,16242,01-20 18:13,1,1,0.0,PUT
17078,01-22 19:09,1,17080,01-22 19:11,1,2,0.0,PUT
17665,01-26 15:56,1,17669,01-26 16:00,1,4,0.0,PUT
17906,01-26 19:57,1,17914,01-26 20:05,1,8,0.0,PUT
18780,01-29 15:01,1,18791,01-29 15:12,1,11,0.0,PUT
18818,01-29 15:39,1,18828,01-29 15:49,1,10,0.0,PUT
19079,01-29 20:00,1,19088,01-29 20:09,1,9,0.0,PUT
19195,01-30 15:26,1,19198,01-30 15:29,1,3,0.0,PUT
19371,01-30 18:22,1,19373,01-30 18:24,1,2,0.0,PUT
19881,02-02 20:22,1,19890,02-02 20:31,1,9,0.0,PUT
20154,02-03 18:25,1,20160,02-03 18:31,1,6,0.0,PUT
20729,02-05 15:00,1,20734,02-05 15:05,1,5,0.0,PUT
20742,02-05 15:13,1,20744,02-05 15:15,1,2,0.0,PUT
454,11-18 15:34,1,460,11-18 15:40,1,6,0.0,CALL
500,11-18 16:20,1,504,11-18 16:24,1,4,0.0,CALL
1992,11-24 15:12,1,1996,11-24 15:16,1,4,0.0,CALL
3169,11-28 15:19,1,3176,11-28 15:26,1,7,0.0,CALL
3691,12-01 20:31,1,3693,12-01 20:33,1,2,0.0,CALL
3749,12-02 14:59,1,3754,12-02 15:04,1,5,0.0,CALL
3954,12-02 18:24,1,3962,12-02 18:32,1,8,0.0,CALL
4434,12-03 19:54,1,4443,12-03 20:03,1,9,0.0,CALL
5750,12-09 15:50,1,5756,12-09 15:56,1,6,0.0,CALL
6000,12-09 20:00,1,6004,12-09 20:04,1,4,0.0,CALL
6676,12-11 18:16,1,6683,12-11 18:23,1,7,0.0,CALL
6750,12-11 19:30,1,6758,12-11 19:38,1,8,0.0,CALL
6799,12-11 20:19,1,6804,12-11 20:24,1,5,0.0,CALL
8881,12-19 16:02,1,8888,12-19 16:09,1,7,0.0,CALL
9116,12-19 19:57,1,9122,12-19 20:03,1,6,0.0,CALL
11785,01-02 15:26,1,11791,01-02 15:32,1,6,0.0,CALL
12931,01-07 15:02,1,12934,01-07 15:05,1,3,0.0,CALL
13540,01-08 18:41,1,13543,01-08 18:44,1,3,0.0,CALL
14429,01-12 20:30,1,14437,01-12 20:38,1,8,0.0,CALL
14533,01-13 15:44,1,14538,01-13 15:49,1,5,0.0,CALL
14764,01-13 19:35,1,14779,01-13 19:50,1,15,0.0,CALL
14793,01-13 20:04,1,14798,01-13 20:09,1,5,0.0,CALL
15989,01-16 20:30,1,15998,01-16 20:39,1,9,0.0,CALL
16350,01-20 20:01,1,16358,01-20 20:09,1,8,0.0,CALL
16382,01-20 20:33,1,16384,01-20 20:35,1,2,0.0,CALL
16467,01-21 15:28,1,16476,01-21 15:37,1,9,0.0,CALL
17115,01-22 19:46,1,17125,01-22 19:56,1,10,0.0,CALL
17277,01-23 15:58,1,17286,01-23 16:07,1,9,0.0,CALL
17635,01-26 15:26,1,17641,01-26 15:32,1,6,0.0,CALL
19227,01-30 15:58,1,19231,01-30 16:02,1,4,0.0,CALL
19355,01-30 18:06,1,19358,01-30 18:09,1,3,0.0,CALL
19619,02-02 16:00,1,19622,02-02 16:03,1,3,0.0,CALL
20648,02-04 20:09,1,20650,02-04 20:11,1,2,0.0,CALL
21449,02-06 20:30,1,21452,02-06 20:33,1,3,0.0,CALL
21526,02-09 15:17,1,21528,02-09 15:19,1,2,0.0,CALL
21824,02-09 20:15,1,21829,02-09 20:20,1,5,0.0,CALL
